MSE1,MSE2,MSE3
1.998948941962561121e-01,2.111177438012696583e-01,1.967423158108140557e-01
