MAE1,MAE2,MAE3
3.678055523245624681e-01,3.556250941572767776e-01,3.864292765374888750e-01
