MSE1,MSE2,MSE3
1.754051167706199565e-01,1.712567845304699965e-01,1.981770139802427055e-01
