MAE1,MAE2,MAE3
4.185557129256653464e-01,4.357292795836021915e-01,4.083767005891510982e-01
