MAE1,MAE2,MAE3
3.057007154348608258e-01,3.000196839571443452e-01,3.133801739994457325e-01
