MSE1,MSE2,MSE3
1.368379094941825080e-01,1.340049690276423344e-01,1.518850242545252693e-01
