MSE1,MSE2,MSE3
1.811912752589866504e-01,1.796137213255826481e-01,1.898487540320298039e-01
