MAE1,MAE2,MAE3
2.953513975335592678e-01,3.075220526940627419e-01,3.230413660263221631e-01
