MSE1,MSE2,MSE3
1.301551614109719146e-01,1.374919448686806878e-01,1.702567643137500586e-01
