MAE1,MAE2,MAE3
3.722677850910180997e-01,3.735223059554954039e-01,3.305045595806292980e-01
